ID,Work Item Type,Title,Assigned To,State,Tags,Description,Acceptance Criteria,Parent
"37731","User Story","Enter Amount",,"New",,"<div><div style=""box-sizing:border-box;"">As a Gk One user&nbsp; </div><div style=""box-sizing:border-box;"">I would like to be able to scan a QR code and enter an amount&nbsp; </div><div style=""box-sizing:border-box;"">so that i can make a payment </div><br> </div>","<div><div style=""box-sizing:border-box;""><span style=""box-sizing:border-box;"">Given that the user scans a merchant QR Code, &nbsp;<br style=""box-sizing:border-box;""></span> </div><div style=""box-sizing:border-box;""> </div><div style=""box-sizing:border-box;""> </div><div style=""box-sizing:border-box;"">When the payment interface is presented, &nbsp;<br style=""box-sizing:border-box;""> </div><span style=""box-sizing:border-box;"">Then the user shall be directed to the app if they already have it or directed to download the app then be able to enter a payment amount and be able to change the Payee, and include an&nbsp;<span style=""display:inline !important;"">optional</span>&nbsp;note with the payment.</span><br> </div>","37284"
"37732","User Story","Validate Amount Entered",,"New",,"<div><div style=""box-sizing:border-box;"">As a GK One user&nbsp; </div><div style=""box-sizing:border-box;"">I want to be able to enter&nbsp;<span style=""box-sizing:border-box;"">a minimum about for payment</span> </div><div style=""box-sizing:border-box;""><span style=""box-sizing:border-box;"">so that payment is validated</span> </div><br> </div>","<div><div style=""box-sizing:border-box;""><span style=""box-sizing:border-box;"">Given that the user is entering a payment amount, &nbsp;<br style=""box-sizing:border-box;""></span> </div><div style=""box-sizing:border-box;"">When the amount entered is less than $1000, &nbsp;<br style=""box-sizing:border-box;""> </div><span style=""box-sizing:border-box;"">Then the system shall prevent the payment from being submitted and display a validation message.</span><br> </div>","37284"
"37733","User Story","Validate Transaction against Wallet Amount",,"New",,"<div><div style=""box-sizing:border-box;"">As a GkOne User </div><div style=""box-sizing:border-box;"">I want to be able to send my funds to Users without exceeding my max for the wallet </div><div style=""box-sizing:border-box;"">So that I can always have funds&nbsp;&nbsp; </div><br> </div>","<div><div style=""box-sizing:border-box;""><span style=""box-sizing:border-box;"">Given a user initiates a transfer into their wallet<br style=""box-sizing:border-box;""></span> </div><div style=""box-sizing:border-box;""> </div><div style=""box-sizing:border-box;"">When the transfer amount would cause the wallet balance to exceed the maximum limit of 500,000<br style=""box-sizing:border-box;""> </div><span style=""box-sizing:border-box;"">Then the system must prevent the transaction from completing before reaching the payment processor and display an appropriate error or warning message to the user</span><br> </div>","37284"
"37734","User Story","Individual Payment Instrument",,"New",,"<div><div style=""box-sizing:border-box;"">As a Gk One User </div><div style=""box-sizing:border-box;"">I want to be able to send funds to someone who doesn't have the wallet&nbsp; </div><div style=""box-sizing:border-box;"">So that the user can receive funds&nbsp; </div><br><br> </div>","<div><div style=""box-sizing:border-box;""><span style=""box-sizing:border-box;"">Given that a user is initiating a payment, &nbsp;<br style=""box-sizing:border-box;""></span> </div><div style=""box-sizing:border-box;""> </div><div style=""box-sizing:border-box;"">When the transaction is being validated, &nbsp;<br style=""box-sizing:border-box;""> </div><span style=""box-sizing:border-box;"">Then both the sender and receiver must have the GK One App installed, and the Payer must have a wallet attached, while the Payee is not required to have a wallet.</span><br> </div>","37284"
"37736","User Story","Generate Receipt of Payment",,"New",,"<div><div style=""box-sizing:border-box;"">As a user </div><div style=""box-sizing:border-box;"">I want to get a receipt after top-up </div><div style=""box-sizing:border-box;"">So that I can confirm my purchase </div><div style=""box-sizing:border-box;""><br style=""box-sizing:border-box;""> </div><br style=""box-sizing:border-box;""><br> </div>","<div><span style=""box-sizing:border-box;"">Given the user has successfully completed a payment,<br style=""box-sizing:border-box;""></span><div style=""box-sizing:border-box;"">When the confirmation of the purchase is displayed,<br style=""box-sizing:border-box;""> </div><div style=""box-sizing:border-box;"">Then the user should be able to view a receipt for that transaction,<br style=""box-sizing:border-box;""> </div><div style=""box-sizing:border-box;"">And the receipt should follow the same design and layout as all other existing receipts in the system and should email the receipt, immediately, to the customer using the email address they used to register with the GKOne App​ .<br style=""box-sizing:border-box;""> </div><div style=""box-sizing:border-box;""><br style=""box-sizing:border-box;""> </div><div style=""box-sizing:border-box;""><br style=""box-sizing:border-box;""> </div><span style=""box-sizing:border-box;""></span><br><br> </div>","37284"
"37737","User Story","Review and Confirm",,"New",,"<div><div style=""box-sizing:border-box;"">As a GkOne User&nbsp; </div><div style=""box-sizing:border-box;"">I should be able review my payments details before I make a payment&nbsp; </div><div style=""box-sizing:border-box;"">So that i can make any corrections if needed </div><br> </div>","<div><div style=""box-sizing:border-box;""><span style=""box-sizing:border-box;"">Given that the user is preparing to confirm a payment, &nbsp;<br style=""box-sizing:border-box;""></span> </div><div style=""box-sizing:border-box;""> </div><div style=""box-sizing:border-box;"">When the review screen is displayed, &nbsp;<br style=""box-sizing:border-box;""> </div><span style=""box-sizing:border-box;"">Then it shall show the payment amount and provide options to select a payment method—either the GK One Wallet or a registered debit or credit card.</span><br> </div>","37284"
"37738","User Story","Notification upon Payment",,"New",,"<div><div style=""box-sizing:border-box;"">As a GK One user&nbsp; </div><div style=""box-sizing:border-box;"">I want to be able to receive a notification upon an attempt to make a payment&nbsp; </div><div style=""box-sizing:border-box;"">So that I am aware on whether it was successful or it has failed&nbsp; </div><br> </div>","<div><div style=""box-sizing:border-box;""><span style=""box-sizing:border-box;"">Given that a payment attempt has been made, &nbsp;<br style=""box-sizing:border-box;""></span> </div><div style=""box-sizing:border-box;""> </div><div style=""box-sizing:border-box;"">When the payment is either successful or fails, &nbsp;<br style=""box-sizing:border-box;""> </div><span style=""box-sizing:border-box;"">Then the system shall send both a push notification to notify the user of the payment status.</span><br> </div>","37284"
"37740","User Story","Enter a Payment Amount (Open)",,"New",,"<div><div style=""font-family:'Segoe UI';"">As a GKOne customer,&nbsp; </div><div style=""font-family:'Segoe UI';"">I want to enter the amount I wish to pay when I click on a payment link,&nbsp; </div><div style=""font-family:'Segoe UI';"">So that I can make a payment to the merchant.<br> </div> </div>","<div style=""font-family:'Segoe UI';""><h4><br> </h4><div style=""margin-top:14px;margin-bottom:14px;""><span>Given when a payment link is clicked a browser link should be presented<br></span><div>When the payment interface is presented, &nbsp;<br> </div><span>Then the user shall be able to enter a payment amount and the Payee cannot be changed, and optionally include a note with the payment.</span><br> </div><h4><br> </h4> </div>","37285"
"37741","User Story","Enter a Payment Amount (Fixed)",,"New",,"<div><div style=""box-sizing:border-box;font-family:&quot;Segoe UI&quot;;"">As a GKOne customer,&nbsp; </div><div style=""box-sizing:border-box;font-family:&quot;Segoe UI&quot;;"">I want to enter the amount I wish to pay when I click on a payment link,&nbsp; </div><div style=""box-sizing:border-box;font-family:&quot;Segoe UI&quot;;"">So that I can make a payment to the merchant. </div> </div>","<div><div style=""box-sizing:border-box;margin-top:14px;margin-bottom:14px;""><span style=""box-sizing:border-box;""><br>Given when a payment link is clicked a browser link should be presented<br style=""box-sizing:border-box;""></span><div style=""box-sizing:border-box;"">When the payment interface is presented, &nbsp;<br style=""box-sizing:border-box;""> </div><span style=""box-sizing:border-box;"">Then the user shall be able to make a payment amount and the Payee and amount cannot be changed, and optionally include a note with the payment.</span><br style=""box-sizing:border-box;""> </div><h4 style=""box-sizing:border-box;font-weight:600;""><br style=""box-sizing:border-box;font-family:&quot;Segoe UI&quot;;""> </h4><br> </div>","37285"
"37742","User Story","Display merchant verification status",,"New",,"<div><div style=""font-family:'Segoe UI';"">As a customer,&nbsp; </div><div style=""font-family:'Segoe UI';"">I want to view merchant verification information before making a payment, </div><div style=""font-family:'Segoe UI';"">So that I can confirm I am paying a legitimate merchant. </div><br> </div>","<div style=""font-family:'Segoe UI';""><h4><br> </h4><p>Given a customer is on the payment initiation screen<br>When the payer selects the merchant<br>Then a merchant information modal should be displayed. </p><h4><br> </h4><p>Given the merchant has been verified through GK Pay Biz/Bill Express<br>When the merchant details modal is opened<br>Then a &quot;Verified GK Pay Biz Merchant&quot; badge should be displayed. </p><h4><br> </h4><p>Given merchant information exists<br>When the modal is displayed<br>Then the following information should be shown: </p><ul><li>Business Name </li><li>Business Email </li><li>Contact Number </li><li>Business Address </li> </ul> </div><br>","37285"
"37743","User Story","Validate Amount (Open)",,"New",,"<div>gk </div>","<div><span>&nbsp;Given the payee enters an amount below $1000<br></span> </div><div><div>&nbsp;When the payee selects Continue<br> </div><div>&nbsp;Then a validation message should be displayed<br> </div><span>&nbsp;And the payee should not proceed.</span><br> </div><div><span><br></span> </div><div><span><span>&nbsp;Given the payee enters an amount above $350,000<br></span><div>&nbsp;When the payee selects Continue<br> </div><div>&nbsp;Then a validation message should be displayed<br> </div><span>&nbsp;And payment should not proceed.<br></span><br>&nbsp;<span>Given the amount field is empty<br></span><div>&nbsp;When the payee selects Continue<br> </div><span>&nbsp;Then an error message should be displayed indicating an amount is required.</span></span> </div>","37285"
"37744","User Story","Guest Checkout",,"New",,"<div><div style=""font-family:'Segoe UI';""><div style=""font-family:'Segoe UI';"">As a GK One customer,&nbsp; </div><div style=""font-family:'Segoe UI';"">I want to provide my contact information without creating an account,&nbsp; </div><div style=""font-family:'Segoe UI';"">So that I can complete a payment quickly. </div><br> </div> </div>","<div><div style=""font-family:Lato, &quot;Helvetica Neue&quot;, Helvetica, Arial, sans-serif;font-size:15px;"">Given a valid amount has been entered<br>And all required fields pass validation<br>When the payee selects Continue<br>Then the authentication/payment method screen should be displayed.<br><br>Given the guest payment form is displayed<br>When the customer enters:<br>First and Last Name<br>Email Address<br>Then the values should be accepted. </div><div style=""font-family:Lato, &quot;Helvetica Neue&quot;, Helvetica, Arial, sans-serif;font-size:15px;""><br>Given the guest payment form is displayed<br>And the merchant has created a custom field<br>When the form is displayed that customer field should be presented (Eg Unit Number)<br>Then all values should be accepted<br><br> </div><br> </div>","37285"
"37745","User Story","Validate Guest Checkout",,"New",,"<div>gk </div>","<div><span>&nbsp;Given required fields are blank<br></span><div>&nbsp;When the payee selects 'Continue to Payment'<br> </div><span>&nbsp;Then validation messages should be displayed.</span><br> </div><div><span><br></span> </div><div><span><div style=""font-family:'Segoe UI';""><span>&nbsp;Given an invalid email address is entered<br></span><div>&nbsp;When the customer selects Continue to Payment<br> </div><span>&nbsp;Then an error message should be displayed</span><br> </div><br></span> </div>","37285"
"37746","User Story","Pay Using GK One",,"New",,"<div><div style=""font-family:'Segoe UI';"">As a GK One customer,&nbsp; </div><div style=""font-family:'Segoe UI';"">I want to authenticate using my GK One app,&nbsp; </div><div style=""font-family:'Segoe UI';"">So that I can complete a payment using my enrolled account. </div><br> </div>","<div><span>Scenario 1: Launch GK One payment flow<br></span><div><br> </div><div>&nbsp;Given the payee selects &quot;Pay with GK One App&quot;<br> </div><div>&nbsp;When GK One is installed<br> </div><div>&nbsp;Then the GK One application should open.<br> </div><div><br> </div><div>Scenario 2: GK One not installed<br> </div><div><br> </div><div>&nbsp;Given GK One is not installed<br> </div><div>&nbsp;When the payee selects &quot;Pay with GK One App&quot;<br> </div><div>&nbsp;Then the payee should be redirected to the app store.<br> </div><div><br> </div><div><br> </div> </div>","37284"
"37747","User Story","Pay Using Apple Pay or Google Pay (Not MVP)",,"New",,"<div>As a customer, </div><div>I want to pay using my digital wallet,&nbsp; </div><div>So that I can complete payment quickly and securely.<br> </div>","<div><span>&nbsp;Scenario 1: Apple Pay availability<br></span><div><br> </div><div>&nbsp;Given the device supports Apple Pay<br> </div><div>&nbsp;When the payment page loads<br> </div><div>&nbsp;Then the Apple Pay button should be displayed.<br> </div><div><br> </div><div>Scenario 2: Google Pay availability<br> </div><div><br> </div><div>&nbsp;Given the device supports Google Pay<br> </div><div>&nbsp;When the payment page loads<br> </div><div>&nbsp;Then the Google Pay button should be displayed.<br> </div><div><br> </div><div>Scenario 3: Successful wallet payment<br> </div><div><br> </div><div>&nbsp;Given the customer authorizes wallet payment<br> </div><div>&nbsp;When authorization succeeds<br> </div><span>&nbsp;Then payment should be submitted for processing.</span><br> </div>","37285"
"37748","User Story","Enter Card Details",,"New",,"<div>As a customer,&nbsp; </div><div>I want to securely enter my card details,&nbsp; </div><div>So that I can complete payment to the merchant using my debit or credit card. </div>","<div><span>Scenario 1: Display payment summary<br></span> </div><div><div><br> </div><div>&nbsp;Given the payee has progressed to the card payment screen<br> </div><div>&nbsp;When the screen loads<br> </div><div>&nbsp;Then the following information should be displayed:<br> </div><div><br> </div><div>Merchant Name<br> </div><div>Payment Amount<br> </div><div>Currency<br> </div><div>Payment Method section<br> </div><div><br> </div><div>And the amount displayed should match the amount entered in the previous step.<br> </div><div><br> </div><div>Scenario 2: Enter cardholder name<br> </div><div><br> </div><div>&nbsp;Given the cardholder name field is displayed<br> </div><div>&nbsp;When the customer enters a valid name<br> </div><div>&nbsp;Then the value should be accepted.<br> </div><div><br> </div><div>And the name should allow:<br> </div><div><br> </div><div>Alphabetic characters<br> </div><div>Spaces<br> </div><div>Hyphens<br> </div><div>Apostrophes<br> </div><div><br> </div><div>Scenario 3: Cardholder name is mandatory<br> </div><div><br> </div><div>&nbsp;Given the Cardholder Name field is empty<br> </div><div>&nbsp;When the customer selects &quot;Make Payment&quot;<br> </div><div>&nbsp;Then an error message should be displayed<br> </div><div><span style="""">&nbsp;And payment should not proceed.</span> </div><div><br> </div><div>Scenario 4: Enter card number<br> </div><div><br> </div><div>&nbsp;Given the card number field is displayed<br> </div><div>&nbsp;When the customer enters a valid card number<br> </div><div>&nbsp;Then the card number should be formatted automatically.<br> </div><div><br> </div><div>Example </div><div>4111111111111111<br> </div><div>Displays as 4111 1111 1111 1111<br> </div><div><br> </div><div>Scenario 5: Card number validation<br> </div><div><br> </div><div>&nbsp;Given an invalid card number is entered<br> </div><div>&nbsp;When the customer attempts payment<br> </div><div>&nbsp;Then card validation should fail<br> </div><div><span style="""">&nbsp;And an appropriate error message should be displayed.</span> </div><div><br> </div><div>Scenario 6: Enter expiry date<br> </div><div><br> </div><div>&nbsp;Given the expiry date field is displayed<br> </div><div>&nbsp;When the customer enters a valid future expiry date in MM/YYYY format<br> </div><div>&nbsp;Then the value should be accepted.<br> </div><div><br> </div><div>Scenario 7: Expired card validation<br> </div><div><br> </div><div>&nbsp;Given the customer enters an expiry date that has already passed<br> </div><div>&nbsp;When the customer selects &quot;Make Payment&quot;<br> </div><div>&nbsp;Then an error message should be displayed<br> </div><div><br> </div><div>And the payment request should not be submitted.<br> </div><div><br> </div><div>Scenario 8: Enter CVV<br> </div><div><br> </div><div>&nbsp;Given the CVV field is displayed<br> </div><div>&nbsp;When the customer enters a valid CVV<br> </div><div>&nbsp;Then the value should be accepted.<br> </div><div><br> </div><div>And the CVV should be masked during entry.<br> </div><div><br> </div><div>Scenario 9: CVV validation<br> </div><div><br> </div><div>&nbsp;Given an invalid CVV is entered<br> </div><div>&nbsp;When the customer selects &quot;Make Payment&quot;<br> </div><div>&nbsp;Then an error message should be displayed.<br> </div><div><br> </div><div>Examples<br> </div><div><br> </div><div>Visa/Mastercard: 3 digits<br> </div><div>Amex: 4 digits<br> </div><div><br> </div><div>Scenario 10: Submit payment<br> </div><div><br> </div><div>&nbsp;Given all card details are valid<br> </div><div>&nbsp;And required fields are completed<br> </div><div>&nbsp;When the customer selects &quot;Make Payment&quot;<br> </div><div>&nbsp;Then the payment request should be submitted to the payment processor.<br> </div><div><br> </div><span>And a loading indicator should be displayed while processing.</span><br> </div>","37285"
"37749","User Story","Confirmation Receipt of Payment",,"New",,"<div><div style=""box-sizing:border-box;"">As a user </div><div style=""box-sizing:border-box;"">I want to get a receipt after top-up </div><div style=""box-sizing:border-box;"">So that I can confirm my purchase </div><div style=""box-sizing:border-box;""><br style=""box-sizing:border-box;""> </div><br style=""box-sizing:border-box;""><br> </div>","<div><span style=""box-sizing:border-box;"">Given the payer has successfully completed a payment,<br style=""box-sizing:border-box;""></span><div style=""box-sizing:border-box;"">When the confirmation of the purchase is displayed,<br style=""box-sizing:border-box;""> </div><div style=""box-sizing:border-box;"">Then the payer should be able to view a receipt for that transaction,<br style=""box-sizing:border-box;""> </div><div style=""box-sizing:border-box;"">And the receipt should show the merchant name, amount and hidden merchant email address.<br style=""box-sizing:border-box;""> </div><div style=""box-sizing:border-box;""><br style=""box-sizing:border-box;""> </div><div style=""box-sizing:border-box;""><br style=""box-sizing:border-box;""> </div><span style=""box-sizing:border-box;""></span><br><br> </div>","37285"
"37750","User Story","Notification upon Payment",,"New",,"<div><div style=""box-sizing:border-box;"">As a GK One user&nbsp; </div><div style=""box-sizing:border-box;"">I want to be able to receive a notification upon an attempt to make a payment&nbsp; </div><div style=""box-sizing:border-box;"">So that I am aware on whether it was successful or it has failed&nbsp; </div><br> </div>","<div><div style=""box-sizing:border-box;""><span style=""box-sizing:border-box;"">Given that a payment attempt has been made, &nbsp;<br style=""box-sizing:border-box;""></span> </div><div style=""box-sizing:border-box;""> </div><div style=""box-sizing:border-box;"">When the payment is either successful or fails, &nbsp;<br style=""box-sizing:border-box;""> </div><span style=""box-sizing:border-box;"">Then the system shall send an email notification to notify the user of the payment status.</span><br> </div>","37285"
"37752","User Story","Launch Payment Plugin from Merchant Website or Mobile App",,"New",,"<div><div style=""font-family:'Segoe UI';"">As a customer, </div><div style=""font-family:'Segoe UI';"">I want to launch the GK Pay Biz payment plugin directly from a merchant website or mobile application,&nbsp; </div><div style=""font-family:'Segoe UI';"">So that I can securely complete payment without leaving the merchant experience.<br> </div> </div>","<span>Scenario 1: Open payment plugin<br></span><div><br> </div><div>&nbsp;Given a customer is on a merchant website or mobile app<br> </div><div>&nbsp;When the customer selects &quot;Pay Now&quot;, &quot;Checkout&quot;, or a similar action<br> </div><div>&nbsp;Then the GK Pay Biz payment plugin should be displayed.<br> </div><div><br> </div><div>Scenario 2: Merchant context is retained<br> </div><div><br> </div><div>Given the payment plugin is launched<br> </div><div>&nbsp;When the checkout screen loads<br> </div><div>&nbsp;Then the merchant branding and payment details provided by the merchant system should be displayed.<br> </div><div><br> </div><div><br> </div>","37286"
"37754","User Story","Review Payment Details Before Checkout",,"New",,"<div><div style=""font-family:'Segoe UI';""><div style=""font-family:'Segoe UI';"">As a customer,&nbsp; </div><div style=""font-family:'Segoe UI';"">I want to review all charges before making payment,&nbsp; </div><div style=""font-family:'Segoe UI';"">So that I understand exactly what I am paying for.<br> </div> </div> </div>","<div><span>&nbsp;Given the checkout page loads<br></span><div>&nbsp;When payment information is retrieved<br> </div><div>&nbsp;Then the following should be displayed:<br> </div><div><br> </div><div>Merchant Name<br> </div><div>Product or Service Description<br> </div><div>Payment Amount<br> </div><div>Fees (if applicable)<br> </div><div>Taxes (e.g. GCT)<br> </div><div>Total Amount Due<br> </div><span>Payment Currency</span> </div><div><span><br></span> </div><div><span><br></span><span>&nbsp;Given fees and taxes apply<br></span><div>&nbsp;When the payment summary is presented<br> </div><span>&nbsp;Then the total amount should equal:Base Amount + Fees + Tax</span> </div><div><br> </div><div><br> </div><div><span></span><br><br> </div>","37286"
"37755","User Story","Select Payment Method",,"New",,"<div><span></span><div style=""font-family:'Segoe UI';"">As a customer,&nbsp; </div><div style=""font-family:'Segoe UI';"">I want to choose my preferred payment method,&nbsp; </div><div style=""font-family:'Segoe UI';"">So that I can use the payment option most convenient for me.<br> </div> </div>","<span>Given checkout has been initiated<br></span><div>&nbsp;When payment methods are available<br> </div><div>&nbsp;Then the customer should see:<br> </div><div><span style="""">Pay with GK One App</span> </div><div>Google Pay (where supported)<br> </div><div>Apple Pay (where supported)<br> </div><span>Manual Card Entry (Guest Checkout)</span><div><span><br></span> </div><div><span><span>Given multiple payment methods are available<br></span><div>&nbsp;When the customer selects a payment method<br> </div><span>&nbsp;Then the selected payment journey should begin.</span><br></span> </div>","37286"